{"QoL": {"bins": [-76.15, -72.9667, -69.7834, -66.6001, -63.4168, -60.23350000000001, -57.050200000000004, -53.8669, -50.6836, -47.5003, -44.317, -41.1337, -37.9504, -34.7671, -31.583799999999997, -28.4005, -25.2172, -22.033899999999996, -18.8506, -15.667299999999997, -12.483999999999995, -9.300699999999992, -6.117399999999989, -2.934100000000001, 0.24920000000000186, 3.4325000000000045, 6.615800000000007, 9.79910000000001, 12.982400000000013, 16.1657, 19.349000000000004, 22.532300000000006, 25.71560000000001, 28.898900000000012, 32.082200000000014, 35.26550000000002, 38.448800000000006, 41.63210000000001, 44.81540000000001, 47.998700000000014, 51.182000000000016, 54.36530000000002, 57.54860000000002, 60.731900000000024, 63.91520000000003, 67.0985, 70.2818, 73.4651, 76.64840000000001, 79.83170000000001, 83.01500000000001, 86.19830000000002, 89.38160000000002, 92.56490000000002, 95.74820000000003, 98.93150000000003, 102.11480000000003, 105.29810000000003, 108.48140000000001, 111.66470000000001, 114.84800000000001, 118.03130000000002, 121.21460000000002, 124.39790000000002, 127.58120000000002, 130.76450000000003, 133.94780000000003, 137.13110000000003, 140.31440000000003, 143.49770000000004, 146.68100000000004, 149.86430000000001, 153.04760000000002, 156.23090000000002, 159.41420000000002, 162.59750000000003, 165.78080000000003, 168.96410000000003, 172.14740000000003, 175.33070000000004, 178.51400000000004, 181.6973, 184.88060000000004, 188.06390000000002, 191.24720000000005, 194.43050000000002, 197.61380000000005, 200.79710000000003, 203.98040000000006, 207.16370000000003, 210.347, 213.53030000000004, 216.7136, 219.89690000000004, 223.08020000000002, 226.26350000000005, 229.44680000000002, 232.63010000000006, 235.81340000000003, 238.99670000000006, 242.18], "histogram": [0, 0, 0, 0, 0, 0, 0, 0, 0, 0, 0, 0, 0, 0, 0, 1, 1, 1, 1, 2, 2, 2, 2, 3, 3, 3, 4, 4, 5, 5, 5, 6, 6, 7, 7, 8, 8, 8, 9, 9, 10, 11, 12, 12, 13, 14, 15, 16, 18, 19, 20, 22, 23, 25, 26, 27, 28, 30, 32, 34, 36, 37, 39, 41, 43, 45, 47, 50, 52, 53, 55, 58, 60, 63, 66, 69, 72, 75, 78, 81, 83, 85, 88, 90, 92, 94, 95, 96, 96, 97, 98, 98, 99, 99, 99, 99, 99, 99, 99, 100]}, "PP": {"bins": [2.99, 4.9539, 6.9178, 8.881699999999999, 10.8456, 12.809499999999998, 14.773399999999999, 16.737299999999998, 18.7012, 20.665099999999995, 22.628999999999998, 24.5929, 26.556799999999996, 28.520699999999998, 30.4846, 32.448499999999996, 34.4124, 36.3763, 38.340199999999996, 40.3041, 42.267999999999994, 44.231899999999996, 46.1958, 48.159699999999994, 50.123599999999996, 52.0875, 54.051399999999994, 56.015299999999996, 57.9792, 59.943099999999994, 61.907, 63.87089999999999, 65.83479999999999, 67.79869999999998, 69.76259999999999, 71.72649999999999, 73.69039999999998, 75.65429999999999, 77.61819999999999, 79.58209999999998, 81.54599999999998, 83.50989999999999, 85.47379999999998, 87.43769999999998, 89.40159999999999, 91.36549999999998, 93.32939999999998, 95.29329999999999, 97.25719999999998, 99.22109999999998, 101.18499999999999, 103.14889999999998, 105.11279999999998, 107.07669999999999, 109.04059999999998, 111.00449999999998, 112.96839999999999, 114.93229999999998, 116.89619999999998, 118.86009999999997, 120.82399999999998, 122.78789999999998, 124.75179999999997, 126.71569999999998, 128.6796, 130.6435, 132.60739999999998, 134.57129999999998, 136.5352, 138.4991, 140.463, 142.4269, 144.39079999999998, 146.35469999999998, 148.3186, 150.2825, 152.2464, 154.2103, 156.17419999999998, 158.13809999999998, 160.10199999999998, 162.0659, 164.0298, 165.9937, 167.95759999999999, 169.92149999999998, 171.88539999999998, 173.8493, 175.8132, 177.7771, 179.74099999999999, 181.70489999999998, 183.66879999999998, 185.6327, 187.5966, 189.5605, 191.52439999999999, 193.48829999999998, 195.45219999999998, 197.41609999999997, 199.38], "histogram": [0, 0, 0, 0, 0, 0, 0, 0, 0, 0, 1, 2, 3, 4, 5, 6, 8, 10, 12, 14, 16, 18, 21, 23, 25, 27, 29, 31, 33, 35, 37, 38, 40, 41, 42, 44, 46, 47, 48, 49, 50, 51, 52, 53, 55, 57, 58, 61, 63, 66, 68, 69, 71, 72, 73, 75, 76, 78, 80, 81, 83, 84, 86, 87, 88, 90, 92, 93, 93, 94, 95, 95, 96, 97, 97, 97, 98, 98, 98, 98, 98, 99, 99, 99, 99, 99, 99, 99, 99, 99, 99, 99, 99, 99, 99, 99, 99, 99, 99, 100]}, "S": {"bins": [13.04, 13.848999999999998, 14.658, 15.466999999999999, 16.276, 17.085, 17.894, 18.703, 19.512, 20.320999999999998, 21.13, 21.939, 22.747999999999998, 23.557000000000002, 24.366, 25.175, 25.984, 26.793, 27.602, 28.411, 29.22, 30.029, 30.838, 31.647000000000002, 32.456, 33.265, 34.074, 34.882999999999996, 35.692, 36.501000000000005, 37.31, 38.119, 38.928, 39.737, 40.546, 41.355000000000004, 42.164, 42.973, 43.782, 44.591, 45.4, 46.209, 47.018, 47.827, 48.636, 49.445, 50.254000000000005, 51.063, 51.872, 52.681000000000004, 53.49, 54.299, 55.108000000000004, 55.917, 56.726, 57.535000000000004, 58.344, 59.153, 59.962, 60.771, 61.580000000000005, 62.389, 63.198, 64.007, 64.816, 65.625, 66.434, 67.243, 68.05199999999999, 68.861, 69.67, 70.47900000000001, 71.28800000000001, 72.09700000000001, 72.906, 73.715, 74.524, 75.333, 76.142, 76.951, 77.75999999999999, 78.56900000000002, 79.37800000000001, 80.18700000000001, 80.99600000000001, 81.805, 82.614, 83.423, 84.232, 85.041, 85.85, 86.65899999999999, 87.46800000000002, 88.27700000000002, 89.08600000000001, 89.89500000000001, 90.70400000000001, 91.513, 92.322, 93.131, 93.94], "histogram": [0, 0, 0, 0, 0, 0, 0, 1, 1, 1, 2, 2, 2, 3, 3, 3, 3, 3, 4, 4, 5, 5, 6, 7, 7, 8, 9, 10, 11, 11, 11, 12, 13, 14, 15, 16, 16, 17, 19, 20, 22, 23, 25, 26, 28, 31, 32, 35, 37, 39, 41, 43, 45, 47, 49, 51, 54, 56, 57, 58, 60, 61, 63, 65, 68, 69, 71, 73, 75, 77, 79, 81, 82, 84, 85, 86, 88, 89, 90, 91, 92, 93, 94, 96, 96, 97, 97, 98, 99, 99, 99, 99, 99, 99, 99, 99, 99, 99, 99, 100]}, "HC": {"bins": [19.72, 20.4824, 21.244799999999998, 22.007199999999997, 22.769599999999997, 23.532, 24.2944, 25.0568, 25.8192, 26.581599999999998, 27.343999999999998, 28.1064, 28.8688, 29.6312, 30.3936, 31.156, 31.9184, 32.6808, 33.4432, 34.2056, 34.967999999999996, 35.7304, 36.4928, 37.2552, 38.0176, 38.78, 39.5424, 40.3048, 41.0672, 41.8296, 42.592, 43.3544, 44.1168, 44.8792, 45.6416, 46.403999999999996, 47.166399999999996, 47.928799999999995, 48.691199999999995, 49.453599999999994, 50.215999999999994, 50.97839999999999, 51.7408, 52.5032, 53.2656, 54.028, 54.7904, 55.5528, 56.3152, 57.0776, 57.839999999999996, 58.602399999999996, 59.364799999999995, 60.127199999999995, 60.889599999999994, 61.651999999999994, 62.4144, 63.1768, 63.9392, 64.7016, 65.464, 66.2264, 66.9888, 67.7512, 68.5136, 69.276, 70.0384, 70.8008, 71.5632, 72.3256, 73.088, 73.8504, 74.6128, 75.3752, 76.13759999999999, 76.9, 77.66239999999999, 78.4248, 79.18719999999999, 79.9496, 80.71199999999999, 81.4744, 82.23679999999999, 82.9992, 83.7616, 84.524, 85.2864, 86.0488, 86.8112, 87.5736, 88.336, 89.0984, 89.8608, 90.6232, 91.3856, 92.148, 92.9104, 93.6728, 94.4352, 95.1976, 95.96], "histogram": [0, 0, 0, 0, 0, 0, 0, 0, 0, 0, 0, 0, 0, 0, 0, 0, 0, 0, 0, 0, 1, 1, 1, 1, 2, 2, 2, 2, 3, 3, 4, 4, 4, 4, 5, 5, 6, 7, 7, 8, 8, 10, 11, 12, 13, 14, 16, 17, 19, 20, 22, 24, 26, 27, 29, 31, 34, 37, 40, 42, 44, 47, 50, 53, 57, 59, 63, 66, 69, 71, 74, 76, 80, 82, 83, 85, 87, 89, 90, 91, 92, 93, 94, 95, 96, 97, 97, 98, 98, 98, 99, 99, 99, 99, 99, 99, 99, 99, 99, 100]},