{"PTS": {"bins": [0.0, 28.32, 56.64, 84.96000000000001, 113.28, 141.6, 169.92000000000002, 198.24, 226.56, 254.88, 283.2, 311.52, 339.84000000000003, 368.16, 396.48, 424.8, 453.12, 481.44, 509.76, 538.08, 566.4, 594.72, 623.04, 651.36, 679.6800000000001, 708.0, 736.32, 764.64, 792.96, 821.28, 849.6, 877.92, 906.24, 934.5600000000001, 962.88, 991.2, 1019.52, 1047.84, 1076.16, 1104.48, 1132.8, 1161.1200000000001, 1189.44, 1217.76, 1246.08, 1274.4, 1302.72, 1331.04, 1359.3600000000001, 1387.68, 1416.0, 1444.32, 1472.64, 1500.96, 1529.28, 1557.6, 1585.92, 1614.24, 1642.56, 1670.88, 1699.2, 1727.52, 1755.84, 1784.16, 1812.48, 1840.8, 1869.1200000000001, 1897.44, 1925.76, 1954.08, 1982.4, 2010.72, 2039.04, 2067.36, 2095.68, 2124.0, 2152.32, 2180.64, 2208.96, 2237.28, 2265.6, 2293.92, 2322.2400000000002, 2350.56, 2378.88, 2407.2, 2435.52, 2463.84, 2492.16, 2520.48, 2548.8, 2577.12, 2605.44, 2633.76, 2662.08, 2690.4, 2718.7200000000003, 2747.04, 2775.36, 2803.68, 2832.0], "histogram": [9, 15, 19, 23, 26, 29, 32, 35, 37, 40, 42, 44, 47, 49, 51, 53, 55, 57, 59, 61, 63, 65, 66, 68, 69, 71, 72, 74, 75, 77, 78, 79, 81, 82, 83, 84, 85, 86, 87, 87, 88, 89, 90, 91, 91, 92, 92, 93, 94, 94, 95, 95, 95, 96, 96, 97, 97, 97, 98, 98, 98, 98, 98, 98, 99, 99, 99, 99, 99, 99, 99, 99, 99, 99, 99, 99, 99, 99, 99, 99, 99, 99, 99, 99, 99, 99, 99, 99, 99, 99, 99, 99, 99, 99, 99, 99, 99, 99, 99, 100]}, "AST": {"bins": [0.0, 10.99, 21.98, 32.97, 43.96, 54.95, 65.94, 76.93, 87.92, 98.91, 109.9, 120.89, 131.88, 142.87, 153.86, 164.85, 175.84, 186.83, 197.82, 208.81, 219.8, 230.79, 241.78, 252.77, 263.76, 274.75, 285.74, 296.73, 307.72, 318.71, 329.7, 340.69, 351.68, 362.67, 373.66, 384.65000000000003, 395.64, 406.63, 417.62, 428.61, 439.6, 450.59000000000003, 461.58, 472.57, 483.56, 494.55, 505.54, 516.53, 527.52, 538.51, 549.5, 560.49, 571.48, 582.47, 593.46, 604.45, 615.44, 626.4300000000001, 637.42, 648.41, 659.4, 670.39, 681.38, 692.37, 703.36, 714.35, 725.34, 736.33, 747.32, 758.3100000000001, 769.3000000000001, 780.29, 791.28, 802.27, 813.26, 824.25, 835.24, 846.23, 857.22, 868.21, 879.2, 890.19, 901.1800000000001, 912.1700000000001, 923.16, 934.15, 945.14, 956.13, 967.12, 978.11, 989.1, 1000.09, 1011.08, 1022.07, 1033.06, 1044.05, 1055.04, 1066.03, 1077.02, 1088.01, 1099.0], "histogram": [15, 24, 31, 37, 42, 47, 51, 55, 59, 62, 65, 67, 70, 72, 74, 76, 77, 79, 81, 82, 83, 85, 86, 87, 87, 88, 89, 90, 91, 91, 92, 92, 93, 93, 94, 94, 94, 95, 95, 95, 96, 96, 96, 96, 97, 97, 97, 97, 97, 97, 98, 98, 98, 98, 98, 98, 98, 98, 98, 99, 99, 99, 99, 99, 99, 99, 99, 99, 99, 99, 99, 99, 99, 99, 99, 99, 99, 99, 99, 99, 99, 99, 99, 99, 99, 99, 99, 99, 99, 99, 99, 99, 99, 99, 99, 99, 99, 99, 99, 100]}, "STL": {"bins": [0.0, 3.01, 6.02, 9.03, 12.04, 15.049999999999999, 18.06, 21.07, 24.08, 27.089999999999996, 30.099999999999998, 33.11, 36.12, 39.129999999999995, 42.14, 45.15, 48.16, 51.169999999999995, 54.17999999999999, 57.19, 60.199999999999996, 63.209999999999994, 66.22, 69.22999999999999, 72.24, 75.25, 78.25999999999999, 81.27, 84.28, 87.28999999999999, 90.3, 93.30999999999999, 96.32, 99.33, 102.33999999999999, 105.35, 108.35999999999999, 111.36999999999999, 114.38, 117.38999999999999, 120.39999999999999, 123.41, 126.41999999999999, 129.42999999999998, 132.44, 135.45, 138.45999999999998, 141.47, 144.48, 147.48999999999998, 150.5, 153.51, 156.51999999999998, 159.53, 162.54, 165.54999999999998, 168.56, 171.57, 174.57999999999998, 177.58999999999997, 180.6, 183.60999999999999, 186.61999999999998, 189.63, 192.64, 195.64999999999998, 198.66, 201.67, 204.67999999999998, 207.69, 210.7, 213.70999999999998, 216.71999999999997, 219.73, 222.73999999999998, 225.74999999999997, 228.76, 231.76999999999998, 234.77999999999997, 237.79, 240.79999999999998, 243.80999999999997, 246.82, 249.82999999999998, 252.83999999999997, 255.85, 258.85999999999996, 261.87, 264.88, 267.89, 270.9, 273.90999999999997, 276.91999999999996, 279.93, 282.94, 285.95, 288.96, 291.96999999999997, 294.97999999999996, 297.98999999999995, 301.0], "histogram": [12, 17, 21, 26, 29, 33, 36, 40, 43, 46, 49, 52, 55, 58, 60, 63, 66, 68, 70, 72, 75, 76, 78, 80, 82, 83, 84, 86, 87, 88, 89, 90, 91, 92, 92, 93, 94, 94, 95, 95, 96, 96, 96, 97, 97, 97, 97, 98, 98, 98, 98, 98, 98, 98, 99, 99, 99, 99, 99, 99, 99, 99, 99, 99, 99, 99, 99, 99, 99, 99, 99, 99, 99, 99, 99, 99, 99, 99, 99, 99, 99, 99, 99, 99, 99, 99, 99, 99, 99, 99, 99, 99, 99, 99, 99, 99, 99, 99, 99, 100]}, "BLK": {"bins": [0.0, 4.56, 9.12, 13.68, 18.24, 22.799999999999997, 27.36, 31.919999999999998, 36.48, 41.04, 45.599999999999994, 50.16, 54.72, 59.279999999999994, 63.839999999999996, 68.39999999999999, 72.96, 77.52, 82.08, 86.63999999999999, 91.19999999999999, 95.75999999999999, 100.32, 104.88, 109.44, 113.99999999999999, 118.55999999999999, 123.11999999999999, 127.67999999999999, 132.23999999999998, 136.79999999999998, 141.35999999999999, 145.92, 150.48, 155.04, 159.6, 164.16, 168.72, 173.27999999999997, 177.83999999999997, 182.39999999999998, 186.95999999999998, 191.51999999999998, 196.07999999999998, 200.64, 205.2, 209.76, 214.32, 218.88, 223.43999999999997, 227.99999999999997, 232.55999999999997, 237.11999999999998, 241.67999999999998, 246.23999999999998, 250.79999999999998, 255.35999999999999, 259.91999999999996, 264.47999999999996, 269.03999999999996, 273.59999999999997, 278.15999999999997, 282.71999999999997, 287.28, 291.84, 296.4, 300.96, 305.52, 310.08, 314.64, 319.2, 323.76, 328.32, 332.88, 337.44, 341.99999999999994, 346.55999999999995, 351.11999999999995, 355.67999999999995, 360.23999999999995, 364.79999999999995, 369.35999999999996, 373.91999999999996, 378.47999999999996, 383.03999999999996, 387.59999999999997, 392.15999999999997, 396.71999999999997, 401.28, 405.84, 410.4, 414.96, 419.52, 424.08, 428.64, 433.2, 437.76, 442.31999999999994, 446.87999999999994, 451.43999999999994, 456.0], "histogram": [27, 41, 50, 59, 65, 70, 74, 77, 80, 82, 84, 86, 87, 89, 90, 91, 92, 92, 93, 94, 94, 95, 95, 95, 96, 96, 97, 97, 97, 97, 98, 98, 98, 98, 98, 98, 98, 99, 99, 99, 99, 99, 99, 99, 99, 99, 99, 99, 99, 99, 99, 99, 99, 99, 99, 99, 99, 99, 99, 99, 99, 99, 99, 99, 99, 99, 99, 99, 99, 99, 99, 99, 99, 99, 99, 99, 99, 99, 99, 99, 99, 99, 99, 99, 99, 99, 99, 99, 99, 99, 99, 99, 99, 99, 99, 99, 99, 99, 99, 100]}, "TRB": {"bins": [0.0, 12.88, 25.76, 38.64, 51.52, 64.4, 77.28, 90.16000000000001, 103.04, 115.92, 128.8, 141.68, 154.56, 167.44, 180.32000000000002, 193.20000000000002, 206.08, 218.96, 231.84, 244.72000000000003, 257.6, 270.48, 283.36, 296.24, 309.12, 322.0, 334.88, 347.76000000000005, 360.64000000000004, 373.52000000000004, 386.40000000000003, 399.28000000000003, 412.16, 425.04, 437.92, 450.8, 463.68, 476.56, 489.44000000000005, 502.32000000000005, 515.2, 528.08, 540.96, 553.84, 566.72, 579.6, 592.48, 605.36, 618.24, 631.12, 644.0, 656.88, 669.76, 682.64, 695.5200000000001, 708.4000000000001, 721.2800000000001, 734.1600000000001, 747.0400000000001, 759.9200000000001, 772.8000000000001, 785.6800000000001, 798.5600000000001, 811.44, 824.32, 837.2, 850.08, 862.96, 875.84, 888.72, 901.6, 914.48, 927.36, 940.24, 953.12, 966.0000000000001, 978.8800000000001, 991.7600000000001, 1004.6400000000001, 1017.5200000000001, 1030.4, 1043.28, 1056.16, 1069.04, 1081.92, 1094.8, 1107.68, 1120.5600000000002, 1133.44, 1146.3200000000002, 1159.2, 1172.0800000000002, 1184.96, 1197.8400000000001, 1210.72, 1223.6000000000001, 1236.48, 1249.3600000000001, 1262.24, 1275.1200000000001, 1288.0], "histogram": [8, 13, 18, 21, 25, 28, 31, 35, 37, 40, 43, 46, 49, 51, 54, 56, 59, 61, 64, 66, 68, 70, 71, 73, 74, 76, 77, 79, 80, 81, 82, 83, 84, 85, 86, 87, 88, 88, 89, 90, 90, 91, 91, 92, 92, 93, 93, 94, 94, 95, 95, 95, 96, 96, 96, 97, 97, 97, 98, 98, 98, 98, 98, 98, 98, 99, 99, 99, 99, 99, 99, 99, 99, 99, 99, 99, 99, 99, 99, 99, 99, 99, 99, 99, 99, 99, 99, 99, 99, 99, 99, 99, 99, 99, 99, 99, 99, 99, 99, 100]},